Property_Name,Year,Month,Seasons,Beds,Damages
Concord,2012,11,Fall,1,238.66
Concord,2012,11,Fall,2,543.96
Concord,2012,11,Fall,3,610.04
Concord,2012,11,Fall,4,208.46
Concord,2012,11,Fall,5,11.98
Concord,2012,12,Winter,1,247.21
Concord,2012,12,Winter,2,659.91
Concord,2012,12,Winter,3,665.78
Concord,2012,12,Winter,4,230.20000000000002
Concord,2012,12,Winter,5,5.7
Concord,2013,1,Winter,1,199.63
Concord,2013,1,Winter,2,899.79
Concord,2013,1,Winter,3,743.07
Concord,2013,1,Winter,4,573.09
Concord,2013,1,Winter,5,101.5
Concord,2013,2,Winter,1,141.67
Concord,2013,2,Winter,2,792.3
Concord,2013,2,Winter,3,662.01
Concord,2013,2,Winter,4,432.42
Concord,2013,2,Winter,5,77.14999999999999
Concord,2013,3,Spring,1,152.04
Concord,2013,3,Spring,2,796.14
Concord,2013,3,Spring,3,698.92
Concord,2013,3,Spring,4,485.4
Concord,2013,3,Spring,5,86.11
Concord,2013,4,Spring,1,145.82
Concord,2013,4,Spring,2,360.74
Concord,2013,4,Spring,3,366.6
Concord,2013,4,Spring,4,166.93
Concord,2013,4,Spring,5,4.45
Concord,2013,5,Spring,1,358.0
Concord,2013,5,Spring,2,933.9399999999999
Concord,2013,5,Spring,3,923.18
Concord,2013,5,Spring,4,404.86
Concord,2013,5,Spring,5,7.49
Concord,2013,6,Summer,1,569.21
Concord,2013,6,Summer,2,1452.9
Concord,2013,6,Summer,3,1321.67
Concord,2013,6,Summer,4,604.09
Concord,2013,6,Summer,5,0.0
Concord,2013,7,Summer,1,782.8100000000001
Concord,2013,7,Summer,2,2140.94
Concord,2013,7,Summer,3,1907.77
Concord,2013,7,Summer,4,900.45
Concord,2013,7,Summer,5,0.0
Concord,2013,8,Summer,1,542.36
Concord,2013,8,Summer,2,1396.93
Concord,2013,8,Summer,3,1384.33
Concord,2013,8,Summer,4,656.18
Concord,2013,8,Summer,5,0.0
Concord,2013,9,Fall,1,481.48
Concord,2013,9,Fall,2,1158.35
Concord,2013,9,Fall,3,1171.13
Concord,2013,9,Fall,4,561.55
Concord,2013,9,Fall,5,0.0
Concord,2013,10,Fall,1,187.69
Concord,2013,10,Fall,2,477.36
Concord,2013,10,Fall,3,575.54
Concord,2013,10,Fall,4,265.24
Concord,2013,10,Fall,5,0.0
Concord,2013,11,Fall,1,175.85
Concord,2013,11,Fall,2,769.53
Concord,2013,11,Fall,3,789.65
Concord,2013,11,Fall,4,522.88
Concord,2013,11,Fall,5,43.14
Concord,2013,12,Winter,1,175.05
Concord,2013,12,Winter,2,814.39
Concord,2013,12,Winter,3,814.79
Concord,2013,12,Winter,4,507.17
Concord,2013,12,Winter,5,52.48
Concord,2014,1,Winter,1,189.6
Concord,2014,1,Winter,2,1203.2
Concord,2014,1,Winter,3,1128.73
Concord,2014,1,Winter,4,797.39
Concord,2014,1,Winter,5,91.32
Concord,2014,2,Winter,1,155.34
Concord,2014,2,Winter,2,841.1899999999999
Concord,2014,2,Winter,3,746.8
Concord,2014,2,Winter,4,505.19
Concord,2014,2,Winter,5,65.28999999999999
Concord,2014,3,Spring,1,129.43
Concord,2014,3,Spring,2,547.86
Concord,2014,3,Spring,3,525.48
Concord,2014,3,Spring,4,315.17
Concord,2014,3,Spring,5,39.0
Concord,2014,4,Spring,1,150.47
Concord,2014,4,Spring,2,304.88
Concord,2014,4,Spring,3,325.36
Concord,2014,4,Spring,4,190.13
Concord,2014,4,Spring,5,3.43
Concord,2014,5,Spring,1,690.53
Concord,2014,5,Spring,2,1493.42
Concord,2014,5,Spring,3,1339.01
Concord,2014,5,Spring,4,556.77
Concord,2014,5,Spring,5,12.6
Concord,2014,6,Summer,1,1060.13
Concord,2014,6,Summer,2,2277.1
Concord,2014,6,Summer,3,1874.72
Concord,2014,6,Summer,4,888.88
Concord,2014,6,Summer,5,8.12
Concord,2014,7,Summer,1,1270.18
Concord,2014,7,Summer,2,2688.74
Concord,2014,7,Summer,3,2325.91
Concord,2014,7,Summer,4,1060.1299999999999
Concord,2014,7,Summer,5,15.43
Concord,2014,8,Summer,1,1103.31
Concord,2014,8,Summer,2,2323.63
Concord,2014,8,Summer,3,2028.13
Concord,2014,8,Summer,4,896.84
Concord,2014,8,Summer,5,13.36
Concord,2014,9,Fall,1,1021.94
Concord,2014,9,Fall,2,2085.93
Concord,2014,9,Fall,3,1960.88
Concord,2014,9,Fall,4,815.15
Concord,2014,9,Fall,5,0.0
Concord,2014,10,Fall,1,483.44
Concord,2014,10,Fall,2,1031.46
Concord,2014,10,Fall,3,971.14
Concord,2014,10,Fall,4,417.36
Concord,2014,10,Fall,5,5.42
Concord,2014,11,Fall,1,531.4
Concord,2014,11,Fall,2,1551.49
Concord,2014,11,Fall,3,1295.17
Concord,2014,11,Fall,4,758.51
Concord,2014,11,Fall,5,86.89
Concord,2014,12,Winter,1,504.0
Concord,2014,12,Winter,2,1595.03
Concord,2014,12,Winter,3,1278.99
Concord,2014,12,Winter,4,759.36
Concord,2014,12,Winter,5,107.12
Concord,2015,1,Winter,1,457.82
Concord,2015,1,Winter,2,1819.06
Concord,2015,1,Winter,3,1537.0
Concord,2015,1,Winter,4,916.47
Concord,2015,1,Winter,5,135.88
Concord,2015,2,Winter,1,464.15999999999997
Concord,2015,2,Winter,2,1921.28
Concord,2015,2,Winter,3,1578.81
Concord,2015,2,Winter,4,906.18
Concord,2015,2,Winter,5,149.03
Concord,2015,3,Spring,1,388.40999999999997
Concord,2015,3,Spring,2,1345.35
Concord,2015,3,Spring,3,1063.34
Concord,2015,3,Spring,4,537.75
Concord,2015,3,Spring,5,61.64
Concord,2015,4,Spring,1,416.23
Concord,2015,4,Spring,2,1001.92
Concord,2015,4,Spring,3,853.72
Concord,2015,4,Spring,4,389.59
Concord,2015,4,Spring,5,7.54
Concord,2015,5,Spring,1,795.85
Concord,2015,5,Spring,2,1940.53
Concord,2015,5,Spring,3,1637.41
Concord,2015,5,Spring,4,678.93
Concord,2015,5,Spring,5,11.26
Concord,2015,6,Summer,1,1057.34
Concord,2015,6,Summer,2,2485.56
Concord,2015,6,Summer,3,2123.38
Concord,2015,6,Summer,4,891.6
Concord,2015,6,Summer,5,13.46
Concord,2015,7,Summer,1,1512.66
Concord,2015,7,Summer,2,3423.15
Concord,2015,7,Summer,3,2852.73
Concord,2015,7,Summer,4,1194.17
Concord,2015,7,Summer,5,18.89
Concord,2015,8,Summer,1,1114.67
Concord,2015,8,Summer,2,2479.84
Concord,2015,8,Summer,3,2077.65
Concord,2015,8,Summer,4,863.34
Concord,2015,8,Summer,5,10.09
Concord,2015,9,Fall,1,978.09
Concord,2015,9,Fall,2,2278.91
Concord,2015,9,Fall,3,1931.68
Concord,2015,9,Fall,4,792.63
Concord,2015,9,Fall,5,7.53
Concord,2015,10,Fall,1,399.78000000000003
Concord,2015,10,Fall,2,921.7
Concord,2015,10,Fall,3,824.68
Concord,2015,10,Fall,4,331.15999999999997
Concord,2015,10,Fall,5,13.86
Concord,2015,11,Fall,1,525.99
Concord,2015,11,Fall,2,1377.01
Concord,2015,11,Fall,3,1179.47
Concord,2015,11,Fall,4,569.74
Concord,2015,11,Fall,5,46.53
Concord,2015,12,Winter,1,528.83
Concord,2015,12,Winter,2,1501.82
Concord,2015,12,Winter,3,1324.17
Concord,2015,12,Winter,4,564.36
Concord,2015,12,Winter,5,51.1
Concord,2016,1,Winter,1,518.94
Concord,2016,1,Winter,2,1809.46
Concord,2016,1,Winter,3,1482.48
Concord,2016,1,Winter,4,838.6
Concord,2016,1,Winter,5,89.45
Concord,2016,2,Winter,1,441.18
Concord,2016,2,Winter,2,1465.05
Concord,2016,2,Winter,3,1203.6
Concord,2016,2,Winter,4,606.51
Concord,2016,2,Winter,5,74.47
Concord,2016,3,Spring,1,510.43
Concord,2016,3,Spring,2,1266.06
Concord,2016,3,Spring,3,1007.9300000000001
Concord,2016,3,Spring,4,438.54
Concord,2016,3,Spring,5,35.24
Concord,2016,4,Spring,1,365.33
Concord,2016,4,Spring,2,925.33
Concord,2016,4,Spring,3,818.59
Concord,2016,4,Spring,4,284.49
Concord,2016,4,Spring,5,27.439999999999998
Concord,2016,5,Spring,1,522.33
Concord,2016,5,Spring,2,1228.81
Concord,2016,5,Spring,3,1124.89
Concord,2016,5,Spring,4,380.87
Concord,2016,5,Spring,5,9.14
Concord,2016,6,Summer,1,979.72
Concord,2016,6,Summer,2,2173.43
Concord,2016,6,Summer,3,1900.1
Concord,2016,6,Summer,4,742.23
Concord,2016,6,Summer,5,2.24
Concord,2016,7,Summer,1,1448.39
Concord,2016,7,Summer,2,3302.8
Concord,2016,7,Summer,3,2797.64
Concord,2016,7,Summer,4,1103.29
Concord,2016,7,Summer,5,35.58
Concord,2016,8,Summer,1,1379.27
Concord,2016,8,Summer,2,3029.29
Concord,2016,8,Summer,3,2560.34
Concord,2016,8,Summer,4,991.04
Concord,2016,8,Summer,5,35.25
Concord,2016,9,Fall,1,950.83
Concord,2016,9,Fall,2,2463.73
Concord,2016,9,Fall,3,2160.1
Concord,2016,9,Fall,4,859.08
Concord,2016,9,Fall,5,53.56
Concord,2016,10,Fall,1,369.84
Concord,2016,10,Fall,2,1434.89
Concord,2016,10,Fall,3,1308.51
Concord,2016,10,Fall,4,649.09
Concord,2016,10,Fall,5,78.9
Fairfax,2012,11,Fall,1,177.07
Fairfax,2012,11,Fall,2,748.11
Fairfax,2012,11,Fall,3,417.66
Fairfax,2012,11,Fall,4,213.29
Fairfax,2012,11,Fall,5,28.57
Fairfax,2012,12,Winter,1,138.97
Fairfax,2012,12,Winter,2,901.18
Fairfax,2012,12,Winter,3,514.89
Fairfax,2012,12,Winter,4,131.54
Fairfax,2012,12,Winter,5,31.02
Fairfax,2013,1,Winter,1,96.69
Fairfax,2013,1,Winter,2,642.66
Fairfax,2013,1,Winter,3,467.41
Fairfax,2013,1,Winter,4,170.17
Fairfax,2013,1,Winter,5,33.53
Fairfax,2013,2,Winter,1,80.9
Fairfax,2013,2,Winter,2,499.34
Fairfax,2013,2,Winter,3,295.35
Fairfax,2013,2,Winter,4,173.5
Fairfax,2013,2,Winter,5,30.240000000000002
Fairfax,2013,3,Spring,1,90.92
Fairfax,2013,3,Spring,2,618.28
Fairfax,2013,3,Spring,3,412.89
Fairfax,2013,3,Spring,4,202.24
Fairfax,2013,3,Spring,5,31.75
Fairfax,2013,4,Spring,1,120.67
Fairfax,2013,4,Spring,2,632.08
Fairfax,2013,4,Spring,3,438.44
Fairfax,2013,4,Spring,4,212.17
Fairfax,2013,4,Spring,5,47.879999999999995
Fairfax,2013,5,Spring,1,265.03
Fairfax,2013,5,Spring,2,1398.01
Fairfax,2013,5,Spring,3,919.91
Fairfax,2013,5,Spring,4,384.13
Fairfax,2013,5,Spring,5,78.61
Fairfax,2013,6,Summer,1,395.67
Fairfax,2013,6,Summer,2,1934.82
Fairfax,2013,6,Summer,3,1350.24
Fairfax,2013,6,Summer,4,608.04
Fairfax,2013,6,Summer,5,96.33
Fairfax,2013,7,Summer,1,541.83
Fairfax,2013,7,Summer,2,2582.83
Fairfax,2013,7,Summer,3,1671.15
Fairfax,2013,7,Summer,4,721.98
Fairfax,2013,7,Summer,5,120.83
Fairfax,2013,8,Summer,1,405.51
Fairfax,2013,8,Summer,2,2089.97
Fairfax,2013,8,Summer,3,1256.85
Fairfax,2013,8,Summer,4,535.03
Fairfax,2013,8,Summer,5,110.78
Fairfax,2013,9,Fall,1,354.38
Fairfax,2013,9,Fall,2,1690.59
Fairfax,2013,9,Fall,3,1077.78
Fairfax,2013,9,Fall,4,452.05
Fairfax,2013,9,Fall,5,104.89
Fairfax,2013,10,Fall,1,138.52
Fairfax,2013,10,Fall,2,733.09
Fairfax,2013,10,Fall,3,505.16
Fairfax,2013,10,Fall,4,170.11
Fairfax,2013,10,Fall,5,55.870000000000005
Fairfax,2013,11,Fall,1,100.1
Fairfax,2013,11,Fall,2,729.86
Fairfax,2013,11,Fall,3,504.83
Fairfax,2013,11,Fall,4,172.9
Fairfax,2013,11,Fall,5,49.07
Fairfax,2013,12,Winter,1,81.74
Fairfax,2013,12,Winter,2,641.87
Fairfax,2013,12,Winter,3,444.84000000000003
Fairfax,2013,12,Winter,4,176.93
Fairfax,2013,12,Winter,5,31.27
Fairfax,2014,1,Winter,1,65.5
Fairfax,2014,1,Winter,2,736.17
Fairfax,2014,1,Winter,3,479.28
Fairfax,2014,1,Winter,4,226.36
Fairfax,2014,1,Winter,5,16.89
Fairfax,2014,2,Winter,1,52.99
Fairfax,2014,2,Winter,2,490.15
Fairfax,2014,2,Winter,3,321.82
Fairfax,2014,2,Winter,4,158.73
Fairfax,2014,2,Winter,5,15.68
Fairfax,2014,3,Spring,1,52.62
Fairfax,2014,3,Spring,2,434.65
Fairfax,2014,3,Spring,3,251.76
Fairfax,2014,3,Spring,4,128.63
Fairfax,2014,3,Spring,5,17.409999999999997
Fairfax,2014,4,Spring,1,79.27
Fairfax,2014,4,Spring,2,406.42
Fairfax,2014,4,Spring,3,224.29
Fairfax,2014,4,Spring,4,140.65
Fairfax,2014,4,Spring,5,24.44
Fairfax,2014,5,Spring,1,294.13
Fairfax,2014,5,Spring,2,1337.22
Fairfax,2014,5,Spring,3,781.26
Fairfax,2014,5,Spring,4,371.23
Fairfax,2014,5,Spring,5,61.300000000000004
Fairfax,2014,6,Summer,1,496.99
Fairfax,2014,6,Summer,2,2807.34
Fairfax,2014,6,Summer,3,1624.1
Fairfax,2014,6,Summer,4,761.8
Fairfax,2014,6,Summer,5,84.17999999999999
Fairfax,2014,7,Summer,1,645.63
Fairfax,2014,7,Summer,2,3294.07
Fairfax,2014,7,Summer,3,1957.25
Fairfax,2014,7,Summer,4,897.24
Fairfax,2014,7,Summer,5,98.03999999999999
Fairfax,2014,8,Summer,1,539.74
Fairfax,2014,8,Summer,2,2841.56
Fairfax,2014,8,Summer,3,1589.1
Fairfax,2014,8,Summer,4,742.74
Fairfax,2014,8,Summer,5,100.33
Fairfax,2014,9,Fall,1,505.69
Fairfax,2014,9,Fall,2,2717.84
Fairfax,2014,9,Fall,3,1435.34
Fairfax,2014,9,Fall,4,684.94
Fairfax,2014,9,Fall,5,96.67
Fairfax,2014,10,Fall,1,246.69
Fairfax,2014,10,Fall,2,1368.39
Fairfax,2014,10,Fall,3,692.46
Fairfax,2014,10,Fall,4,321.95
Fairfax,2014,10,Fall,5,40.87
Fairfax,2014,11,Fall,1,247.43
Fairfax,2014,11,Fall,2,1476.35
Fairfax,2014,11,Fall,3,768.79
Fairfax,2014,11,Fall,4,366.29
Fairfax,2014,11,Fall,5,36.35
Fairfax,2014,12,Winter,1,210.73
Fairfax,2014,12,Winter,2,1282.63
Fairfax,2014,12,Winter,3,689.34
Fairfax,2014,12,Winter,4,310.24
Fairfax,2014,12,Winter,5,28.21
Fairfax,2015,1,Winter,1,194.95
Fairfax,2015,1,Winter,2,1254.25
Fairfax,2015,1,Winter,3,646.82
Fairfax,2015,1,Winter,4,308.54
Fairfax,2015,1,Winter,5,34.870000000000005
Fairfax,2015,2,Winter,1,181.65
Fairfax,2015,2,Winter,2,1252.7
Fairfax,2015,2,Winter,3,631.97
Fairfax,2015,2,Winter,4,342.18
Fairfax,2015,2,Winter,5,35.58
Fairfax,2015,3,Spring,1,167.7
Fairfax,2015,3,Spring,2,1062.8
Fairfax,2015,3,Spring,3,468.85
Fairfax,2015,3,Spring,4,237.87
Fairfax,2015,3,Spring,5,35.72
Fairfax,2015,4,Spring,1,207.84
Fairfax,2015,4,Spring,2,1241.9
Fairfax,2015,4,Spring,3,579.65
Fairfax,2015,4,Spring,4,312.37
Fairfax,2015,4,Spring,5,41.31
Fairfax,2015,5,Spring,1,375.45
Fairfax,2015,5,Spring,2,2386.89
Fairfax,2015,5,Spring,3,1198.67
Fairfax,2015,5,Spring,4,655.52
Fairfax,2015,5,Spring,5,98.48
Fairfax,2015,6,Summer,1,490.89
Fairfax,2015,6,Summer,2,3014.04
Fairfax,2015,6,Summer,3,1522.53
Fairfax,2015,6,Summer,4,882.87
Fairfax,2015,6,Summer,5,124.41999999999999
Fairfax,2015,7,Summer,1,644.34
Fairfax,2015,7,Summer,2,3864.61
Fairfax,2015,7,Summer,3,1987.4
Fairfax,2015,7,Summer,4,1138.6100000000001
Fairfax,2015,7,Summer,5,165.61
Fairfax,2015,8,Summer,1,505.71999999999997
Fairfax,2015,8,Summer,2,2962.34
Fairfax,2015,8,Summer,3,1423.69
Fairfax,2015,8,Summer,4,877.23
Fairfax,2015,8,Summer,5,118.16
Fairfax,2015,9,Fall,1,454.23
Fairfax,2015,9,Fall,2,2576.93
Fairfax,2015,9,Fall,3,1253.43
Fairfax,2015,9,Fall,4,726.28
Fairfax,2015,9,Fall,5,108.57
Fairfax,2015,10,Fall,1,193.13
Fairfax,2015,10,Fall,2,1099.37
Fairfax,2015,10,Fall,3,528.42
Fairfax,2015,10,Fall,4,280.75
Fairfax,2015,10,Fall,5,36.25
Fairfax,2015,11,Fall,1,250.45
Fairfax,2015,11,Fall,2,1446.93
Fairfax,2015,11,Fall,3,707.35
Fairfax,2015,11,Fall,4,426.16
Fairfax,2015,11,Fall,5,47.55
Fairfax,2015,12,Winter,1,278.03
Fairfax,2015,12,Winter,2,1472.41
Fairfax,2015,12,Winter,3,744.58
Fairfax,2015,12,Winter,4,443.79
Fairfax,2015,12,Winter,5,44.41
Fairfax,2016,1,Winter,1,246.67
Fairfax,2016,1,Winter,2,1184.65
Fairfax,2016,1,Winter,3,626.77
Fairfax,2016,1,Winter,4,336.28
Fairfax,2016,1,Winter,5,30.55
Fairfax,2016,2,Winter,1,220.66
Fairfax,2016,2,Winter,2,1015.09
Fairfax,2016,2,Winter,3,436.83
Fairfax,2016,2,Winter,4,302.4
Fairfax,2016,2,Winter,5,29.21
Fairfax,2016,3,Spring,1,256.86
Fairfax,2016,3,Spring,2,1345.76
Fairfax,2016,3,Spring,3,643.65
Fairfax,2016,3,Spring,4,442.34
Fairfax,2016,3,Spring,5,47.67
Fairfax,2016,4,Spring,1,209.25
Fairfax,2016,4,Spring,2,1034.2
Fairfax,2016,4,Spring,3,520.77
Fairfax,2016,4,Spring,4,336.04
Fairfax,2016,4,Spring,5,40.3
Fairfax,2016,5,Spring,1,297.96
Fairfax,2016,5,Spring,2,1414.54
Fairfax,2016,5,Spring,3,695.03
Fairfax,2016,5,Spring,4,452.25
Fairfax,2016,5,Spring,5,53.68
Fairfax,2016,6,Summer,1,554.83
Fairfax,2016,6,Summer,2,2629.18
Fairfax,2016,6,Summer,3,1258.92
Fairfax,2016,6,Summer,4,794.9
Fairfax,2016,6,Summer,5,113.9
Fairfax,2016,7,Summer,1,789.15
Fairfax,2016,7,Summer,2,3837.5
Fairfax,2016,7,Summer,3,1873.58
Fairfax,2016,7,Summer,4,1144.27
Fairfax,2016,7,Summer,5,129.42000000000002
Fairfax,2016,8,Summer,1,761.5600000000001
Fairfax,2016,8,Summer,2,3579.73
Fairfax,2016,8,Summer,3,1772.24
Fairfax,2016,8,Summer,4,1110.42
Fairfax,2016,8,Summer,5,127.68
Fairfax,2016,9,Fall,1,566.6899999999999
Fairfax,2016,9,Fall,2,2619.46
Fairfax,2016,9,Fall,3,1364.81
Fairfax,2016,9,Fall,4,846.5
Fairfax,2016,9,Fall,5,109.45
Fairfax,2016,10,Fall,1,232.31
Fairfax,2016,10,Fall,2,1035.85
Fairfax,2016,10,Fall,3,518.18
Fairfax,2016,10,Fall,4,370.4
Fairfax,2016,10,Fall,5,25.21
Glouster,2012,11,Fall,1,77.96
Glouster,2012,11,Fall,2,436.51
Glouster,2012,11,Fall,3,452.48
Glouster,2012,11,Fall,4,200.17
Glouster,2012,11,Fall,5,4.99
Glouster,2012,12,Winter,1,90.99
Glouster,2012,12,Winter,2,414.65
Glouster,2012,12,Winter,3,419.97
Glouster,2012,12,Winter,4,169.73
Glouster,2012,12,Winter,5,3.84
Glouster,2013,1,Winter,1,74.41
Glouster,2013,1,Winter,2,319.64
Glouster,2013,1,Winter,3,293.21
Glouster,2013,1,Winter,4,171.6
Glouster,2013,1,Winter,5,3.3899999999999997
Glouster,2013,2,Winter,1,39.58
Glouster,2013,2,Winter,2,198.13
Glouster,2013,2,Winter,3,169.35999999999999
Glouster,2013,2,Winter,4,116.11
Glouster,2013,2,Winter,5,2.97
Glouster,2013,3,Spring,1,63.86
Glouster,2013,3,Spring,2,341.27
Glouster,2013,3,Spring,3,278.06
Glouster,2013,3,Spring,4,195.32
Glouster,2013,3,Spring,5,9.26
Glouster,2013,4,Spring,1,117.58
Glouster,2013,4,Spring,2,712.89
Glouster,2013,4,Spring,3,735.1
Glouster,2013,4,Spring,4,413.51
Glouster,2013,4,Spring,5,14.68
Glouster,2013,5,Spring,1,177.35
Glouster,2013,5,Spring,2,781.8
Glouster,2013,5,Spring,3,997.94
Glouster,2013,5,Spring,4,631.18
Glouster,2013,5,Spring,5,17.76
Glouster,2013,6,Summer,1,293.07
Glouster,2013,6,Summer,2,1690.17
Glouster,2013,6,Summer,3,1621.42
Glouster,2013,6,Summer,4,858.03
Glouster,2013,6,Summer,5,29.84
Glouster,2013,7,Summer,1,401.76
Glouster,2013,7,Summer,2,2175.56
Glouster,2013,7,Summer,3,1888.97
Glouster,2013,7,Summer,4,1024.69
Glouster,2013,7,Summer,5,33.4
Glouster,2013,8,Summer,1,381.19
Glouster,2013,8,Summer,2,2014.84
Glouster,2013,8,Summer,3,1688.03
Glouster,2013,8,Summer,4,871.1999999999999
Glouster,2013,8,Summer,5,27.700000000000003
Glouster,2013,9,Fall,1,211.99
Glouster,2013,9,Fall,2,1112.79
Glouster,2013,9,Fall,3,994.91
Glouster,2013,9,Fall,4,528.81
Glouster,2013,9,Fall,5,20.1
Glouster,2013,10,Fall,1,129.82
Glouster,2013,10,Fall,2,635.73
Glouster,2013,10,Fall,3,561.2
Glouster,2013,10,Fall,4,308.81
Glouster,2013,10,Fall,5,19.669999999999998
Glouster,2013,11,Fall,1,101.11
Glouster,2013,11,Fall,2,443.56
Glouster,2013,11,Fall,3,420.14
Glouster,2013,11,Fall,4,218.39
Glouster,2013,11,Fall,5,20.060000000000002
Glouster,2013,12,Winter,1,46.29
Glouster,2013,12,Winter,2,316.62
Glouster,2013,12,Winter,3,258.07
Glouster,2013,12,Winter,4,173.71
Glouster,2013,12,Winter,5,14.93
Glouster,2014,1,Winter,1,46.95
Glouster,2014,1,Winter,2,317.89
Glouster,2014,1,Winter,3,252.66
Glouster,2014,1,Winter,4,171.14
Glouster,2014,1,Winter,5,14.19
Glouster,2014,2,Winter,1,28.65
Glouster,2014,2,Winter,2,193.9
Glouster,2014,2,Winter,3,174.96
Glouster,2014,2,Winter,4,102.63
Glouster,2014,2,Winter,5,11.12
Glouster,2014,3,Spring,1,50.84
Glouster,2014,3,Spring,2,286.42
Glouster,2014,3,Spring,3,326.92
Glouster,2014,3,Spring,4,165.48
Glouster,2014,3,Spring,5,11.93
Glouster,2014,4,Spring,1,44.94
Glouster,2014,4,Spring,2,307.44
Glouster,2014,4,Spring,3,346.08
Glouster,2014,4,Spring,4,144.25
Glouster,2014,4,Spring,5,13.34
Glouster,2014,5,Spring,1,415.89
Glouster,2014,5,Spring,2,2414.47
Glouster,2014,5,Spring,3,1789.39
Glouster,2014,5,Spring,4,910.9399999999999
Glouster,2014,5,Spring,5,23.900000000000002
Glouster,2014,6,Summer,1,399.06
Glouster,2014,6,Summer,2,2190.69
Glouster,2014,6,Summer,3,1624.69
Glouster,2014,6,Summer,4,807.23
Glouster,2014,6,Summer,5,17.73
Glouster,2014,7,Summer,1,545.89
Glouster,2014,7,Summer,2,2915.35
Glouster,2014,7,Summer,3,2279.05
Glouster,2014,7,Summer,4,995.61
Glouster,2014,7,Summer,5,25.91
Glouster,2014,8,Summer,1,456.21
Glouster,2014,8,Summer,2,2354.99
Glouster,2014,8,Summer,3,1920.02
Glouster,2014,8,Summer,4,857.09
Glouster,2014,8,Summer,5,33.39
Glouster,2014,9,Fall,1,439.64
Glouster,2014,9,Fall,2,2242.24
Glouster,2014,9,Fall,3,1794.97
Glouster,2014,9,Fall,4,828.13
Glouster,2014,9,Fall,5,34.17
Glouster,2014,10,Fall,1,369.18
Glouster,2014,10,Fall,2,1775.41
Glouster,2014,10,Fall,3,1472.49
Glouster,2014,10,Fall,4,677.06
Glouster,2014,10,Fall,5,31.900000000000002
Glouster,2014,11,Fall,1,223.4
Glouster,2014,11,Fall,2,950.77
Glouster,2014,11,Fall,3,866.5
Glouster,2014,11,Fall,4,422.79
Glouster,2014,11,Fall,5,23.99
Glouster,2014,12,Winter,1,244.39000000000001
Glouster,2014,12,Winter,2,986.38
Glouster,2014,12,Winter,3,901.85
Glouster,2014,12,Winter,4,451.63
Glouster,2014,12,Winter,5,27.75
Glouster,2015,1,Winter,1,234.24
Glouster,2015,1,Winter,2,940.13
Glouster,2015,1,Winter,3,769.76
Glouster,2015,1,Winter,4,412.02
Glouster,2015,1,Winter,5,26.13
Glouster,2015,2,Winter,1,174.48
Glouster,2015,2,Winter,2,736.25
Glouster,2015,2,Winter,3,635.21
Glouster,2015,2,Winter,4,340.48
Glouster,2015,2,Winter,5,21.17
Glouster,2015,3,Spring,1,219.79
Glouster,2015,3,Spring,2,1051.57
Glouster,2015,3,Spring,3,809.38
Glouster,2015,3,Spring,4,401.76
Glouster,2015,3,Spring,5,21.47
Glouster,2015,4,Spring,1,227.93
Glouster,2015,4,Spring,2,1115.7
Glouster,2015,4,Spring,3,1006.11
Glouster,2015,4,Spring,4,490.51
Glouster,2015,4,Spring,5,29.91
Glouster,2015,5,Spring,1,309.83
Glouster,2015,5,Spring,2,1524.45
Glouster,2015,5,Spring,3,1308.32
Glouster,2015,5,Spring,4,692.16
Glouster,2015,5,Spring,5,40.89
Glouster,2015,6,Summer,1,496.54
Glouster,2015,6,Summer,2,2491.43
Glouster,2015,6,Summer,3,1913.02
Glouster,2015,6,Summer,4,984.71
Glouster,2015,6,Summer,5,56.71
Glouster,2015,7,Summer,1,555.58
Glouster,2015,7,Summer,2,2988.16
Glouster,2015,7,Summer,3,2306.96
Glouster,2015,7,Summer,4,1194.12
Glouster,2015,7,Summer,5,71.0
Glouster,2015,8,Summer,1,533.87
Glouster,2015,8,Summer,2,2950.26
Glouster,2015,8,Summer,3,2326.93
Glouster,2015,8,Summer,4,1158.36
Glouster,2015,8,Summer,5,72.42999999999999
Glouster,2015,9,Fall,1,332.24
Glouster,2015,9,Fall,2,1942.79
Glouster,2015,9,Fall,3,1617.01
Glouster,2015,9,Fall,4,801.14
Glouster,2015,9,Fall,5,49.55
Glouster,2015,10,Fall,1,344.43
Glouster,2015,10,Fall,2,1820.72
Glouster,2015,10,Fall,3,1536.36
Glouster,2015,10,Fall,4,732.6
Glouster,2015,10,Fall,5,45.129999999999995
Glouster,2015,11,Fall,1,249.46
Glouster,2015,11,Fall,2,1259.49
Glouster,2015,11,Fall,3,1137.58
Glouster,2015,11,Fall,4,569.99
Glouster,2015,11,Fall,5,38.24
Glouster,2015,12,Winter,1,239.85999999999999
Glouster,2015,12,Winter,2,1203.6299999999999
Glouster,2015,12,Winter,3,1055.34
Glouster,2015,12,Winter,4,552.12
Glouster,2015,12,Winter,5,40.239999999999995
Glouster,2016,1,Winter,1,219.15
Glouster,2016,1,Winter,2,1182.91
Glouster,2016,1,Winter,3,980.69
Glouster,2016,1,Winter,4,565.42
Glouster,2016,1,Winter,5,39.54
Glouster,2016,2,Winter,1,177.79
Glouster,2016,2,Winter,2,1011.52
Glouster,2016,2,Winter,3,796.18
Glouster,2016,2,Winter,4,510.74
Glouster,2016,2,Winter,5,32.51
Glouster,2016,3,Spring,1,199.42
Glouster,2016,3,Spring,2,1193.11
Glouster,2016,3,Spring,3,968.93
Glouster,2016,3,Spring,4,543.56
Glouster,2016,3,Spring,5,34.13
Glouster,2016,4,Spring,1,214.04
Glouster,2016,4,Spring,2,1170.43
Glouster,2016,4,Spring,3,1006.13
Glouster,2016,4,Spring,4,509.05
Glouster,2016,4,Spring,5,38.52
Glouster,2016,5,Spring,1,291.92
Glouster,2016,5,Spring,2,1722.96
Glouster,2016,5,Spring,3,1377.26
Glouster,2016,5,Spring,4,731.48
Glouster,2016,5,Spring,5,48.04
Glouster,2016,6,Summer,1,366.76
Glouster,2016,6,Summer,2,2307.92
Glouster,2016,6,Summer,3,1742.22
Glouster,2016,6,Summer,4,921.37
Glouster,2016,6,Summer,5,52.13
Glouster,2016,7,Summer,1,547.18
Glouster,2016,7,Summer,2,3157.13
Glouster,2016,7,Summer,3,2259.08
Glouster,2016,7,Summer,4,1165.36
Glouster,2016,7,Summer,5,63.39
Glouster,2016,8,Summer,1,846.43
Glouster,2016,8,Summer,2,4578.58
Glouster,2016,8,Summer,3,3366.89
Glouster,2016,8,Summer,4,1678.64
Glouster,2016,8,Summer,5,89.92
Glouster,2016,9,Fall,1,678.13
Glouster,2016,9,Fall,2,3123.37
Glouster,2016,9,Fall,3,2401.84
Glouster,2016,9,Fall,4,1209.3799999999999
Glouster,2016,9,Fall,5,65.09
Glouster,2016,10,Fall,1,339.53000000000003
Glouster,2016,10,Fall,2,1693.5
Glouster,2016,10,Fall,3,1259.15
Glouster,2016,10,Fall,4,726.45
Glouster,2016,10,Fall,5,45.81
Helena,2012,11,Fall,1,143.06
Helena,2012,11,Fall,2,612.38
Helena,2012,11,Fall,3,676.9
Helena,2012,11,Fall,4,65.3
Helena,2012,12,Winter,1,147.89
Helena,2012,12,Winter,2,622.53
Helena,2012,12,Winter,3,560.04
Helena,2012,12,Winter,4,91.43
Helena,2012,12,Winter,5,0.0
Helena,2013,1,Winter,1,91.57000000000001
Helena,2013,1,Winter,2,700.27
Helena,2013,1,Winter,3,955.82
Helena,2013,1,Winter,4,250.53
Helena,2013,1,Winter,5,55.7
Helena,2013,2,Winter,1,66.04
Helena,2013,2,Winter,2,667.61
Helena,2013,2,Winter,3,956.48
Helena,2013,2,Winter,4,315.02
Helena,2013,2,Winter,5,56.38
Helena,2013,3,Spring,1,91.37
Helena,2013,3,Spring,2,682.93
Helena,2013,3,Spring,3,919.94
Helena,2013,3,Spring,4,305.27
Helena,2013,3,Spring,5,51.6
Helena,2013,4,Spring,1,136.04
Helena,2013,4,Spring,2,651.99
Helena,2013,4,Spring,3,637.66
Helena,2013,4,Spring,4,144.13
Helena,2013,4,Spring,5,0.0
Helena,2013,5,Spring,1,274.43
Helena,2013,5,Spring,2,1304.0
Helena,2013,5,Spring,3,1246.91
Helena,2013,5,Spring,4,212.79
Helena,2013,5,Spring,5,0.0
Helena,2013,6,Summer,1,527.14
Helena,2013,6,Summer,2,2465.99
Helena,2013,6,Summer,3,2307.98
Helena,2013,6,Summer,4,355.08
Helena,2013,6,Summer,5,0.0
Helena,2013,7,Summer,1,473.14
Helena,2013,7,Summer,2,2167.92
Helena,2013,7,Summer,3,2002.36
Helena,2013,7,Summer,4,296.3
Helena,2013,7,Summer,5,0.0
Helena,2013,8,Summer,1,440.65
Helena,2013,8,Summer,2,1997.22
Helena,2013,8,Summer,3,1919.9
Helena,2013,8,Summer,4,269.31
Helena,2013,8,Summer,5,0.0
Helena,2013,9,Fall,1,280.23
Helena,2013,9,Fall,2,1153.94
Helena,2013,9,Fall,3,1180.9
Helena,2013,9,Fall,4,171.14000000000001
Helena,2013,9,Fall,5,0.0
Helena,2013,10,Fall,1,125.81
Helena,2013,10,Fall,2,537.04
Helena,2013,10,Fall,3,589.85
Helena,2013,10,Fall,4,136.02
Helena,2013,10,Fall,5,12.02
Helena,2013,11,Fall,1,138.64000000000001
Helena,2013,11,Fall,2,848.89
Helena,2013,11,Fall,3,1098.74
Helena,2013,11,Fall,4,295.76
Helena,2013,11,Fall,5,59.46
Helena,2013,12,Winter,1,91.77
Helena,2013,12,Winter,2,856.39
Helena,2013,12,Winter,3,1174.93
Helena,2013,12,Winter,4,285.95
Helena,2013,12,Winter,5,67.56
Helena,2014,1,Winter,1,82.05
Helena,2014,1,Winter,2,827.78
Helena,2014,1,Winter,3,1117.73
Helena,2014,1,Winter,4,296.22
Helena,2014,1,Winter,5,65.63
Helena,2014,2,Winter,1,78.7
Helena,2014,2,Winter,2,820.48
Helena,2014,2,Winter,3,1015.28
Helena,2014,2,Winter,4,334.56
Helena,2014,2,Winter,5,72.54
Helena,2014,3,Spring,1,78.17
Helena,2014,3,Spring,2,443.0
Helena,2014,3,Spring,3,558.94
Helena,2014,3,Spring,4,135.43
Helena,2014,3,Spring,5,36.66
Helena,2014,4,Spring,1,124.67
Helena,2014,4,Spring,2,408.96
Helena,2014,4,Spring,3,497.23
Helena,2014,4,Spring,4,57.51
Helena,2014,4,Spring,5,7.87
Helena,2014,5,Spring,1,471.98
Helena,2014,5,Spring,2,1861.17
Helena,2014,5,Spring,3,1734.47
Helena,2014,5,Spring,4,223.48
Helena,2014,5,Spring,5,0.0
Helena,2014,6,Summer,1,713.02
Helena,2014,6,Summer,2,2997.5099999999998
Helena,2014,6,Summer,3,2697.42
Helena,2014,6,Summer,4,378.0
Helena,2014,6,Summer,5,7.51
Helena,2014,7,Summer,1,625.57
Helena,2014,7,Summer,2,2571.2
Helena,2014,7,Summer,3,2370.48
Helena,2014,7,Summer,4,338.87
Helena,2014,7,Summer,5,11.62
Helena,2014,8,Summer,1,721.96
Helena,2014,8,Summer,2,2991.08
Helena,2014,8,Summer,3,2774.28
Helena,2014,8,Summer,4,354.32
Helena,2014,8,Summer,5,14.36
Helena,2014,9,Fall,1,373.52
Helena,2014,9,Fall,2,1543.1
Helena,2014,9,Fall,3,1466.97
Helena,2014,9,Fall,4,160.64000000000001
Helena,2014,9,Fall,5,0.0
Helena,2014,10,Fall,1,311.04
Helena,2014,10,Fall,2,1137.78
Helena,2014,10,Fall,3,1051.25
Helena,2014,10,Fall,4,140.76
Helena,2014,10,Fall,5,17.98
Helena,2014,11,Fall,1,335.76
Helena,2014,11,Fall,2,1564.77
Helena,2014,11,Fall,3,1608.46
Helena,2014,11,Fall,4,378.13
Helena,2014,11,Fall,5,57.1
Helena,2014,12,Winter,1,269.53
Helena,2014,12,Winter,2,1512.75
Helena,2014,12,Winter,3,1564.63
Helena,2014,12,Winter,4,401.43
Helena,2014,12,Winter,5,65.81
Helena,2015,1,Winter,1,258.17
Helena,2015,1,Winter,2,1484.18
Helena,2015,1,Winter,3,1616.59
Helena,2015,1,Winter,4,475.06
Helena,2015,1,Winter,5,82.27
Helena,2015,2,Winter,1,228.67
Helena,2015,2,Winter,2,1410.98
Helena,2015,2,Winter,3,1685.42
Helena,2015,2,Winter,4,488.9
Helena,2015,2,Winter,5,77.22
Helena,2015,3,Spring,1,242.38
Helena,2015,3,Spring,2,1025.3
Helena,2015,3,Spring,3,980.03
Helena,2015,3,Spring,4,225.23000000000002
Helena,2015,3,Spring,5,47.68
Helena,2015,4,Spring,1,278.09000000000003
Helena,2015,4,Spring,2,1130.01
Helena,2015,4,Spring,3,924.16
Helena,2015,4,Spring,4,131.73
Helena,2015,4,Spring,5,25.12
Helena,2015,5,Spring,1,517.9
Helena,2015,5,Spring,2,2268.48
Helena,2015,5,Spring,3,1823.1
Helena,2015,5,Spring,4,283.66
Helena,2015,5,Spring,5,22.84
Helena,2015,6,Summer,1,735.73
Helena,2015,6,Summer,2,3094.85
Helena,2015,6,Summer,3,2674.06
Helena,2015,6,Summer,4,433.83
Helena,2015,6,Summer,5,15.05
Helena,2015,7,Summer,1,736.11
Helena,2015,7,Summer,2,3128.65
Helena,2015,7,Summer,3,2695.27
Helena,2015,7,Summer,4,463.28000000000003
Helena,2015,7,Summer,5,12.93
Helena,2015,8,Summer,1,717.28
Helena,2015,8,Summer,2,2988.12
Helena,2015,8,Summer,3,2632.87
Helena,2015,8,Summer,4,460.25
Helena,2015,8,Summer,5,7.09
Helena,2015,9,Fall,1,405.4
Helena,2015,9,Fall,2,1853.19
Helena,2015,9,Fall,3,1590.96
Helena,2015,9,Fall,4,241.83
Helena,2015,9,Fall,5,3.77
Helena,2015,10,Fall,1,282.01
Helena,2015,10,Fall,2,1289.84
Helena,2015,10,Fall,3,1081.8
Helena,2015,10,Fall,4,190.71
Helena,2015,10,Fall,5,20.96
Helena,2015,11,Fall,1,305.28
Helena,2015,11,Fall,2,1436.39
Helena,2015,11,Fall,3,1458.88
Helena,2015,11,Fall,4,344.43
Helena,2015,11,Fall,5,45.79
Helena,2015,12,Winter,1,284.07
Helena,2015,12,Winter,2,1375.8
Helena,2015,12,Winter,3,1379.28
Helena,2015,12,Winter,4,322.78
Helena,2015,12,Winter,5,32.15
Helena,2016,1,Winter,1,250.55
Helena,2016,1,Winter,2,1510.74
Helena,2016,1,Winter,3,1595.97
Helena,2016,1,Winter,4,400.64
Helena,2016,1,Winter,5,61.02
Helena,2016,2,Winter,1,246.33
Helena,2016,2,Winter,2,1248.6200000000001
Helena,2016,2,Winter,3,1252.89
Helena,2016,2,Winter,4,251.8
Helena,2016,2,Winter,5,33.94
Helena,2016,3,Spring,1,262.9
Helena,2016,3,Spring,2,1047.48
Helena,2016,3,Spring,3,886.59
Helena,2016,3,Spring,4,163.44
Helena,2016,3,Spring,5,16.53
Helena,2016,4,Spring,1,304.93
Helena,2016,4,Spring,2,1192.93
Helena,2016,4,Spring,3,930.91
Helena,2016,4,Spring,4,161.52
Helena,2016,4,Spring,5,22.33
Helena,2016,5,Spring,1,383.6
Helena,2016,5,Spring,2,1692.48
Helena,2016,5,Spring,3,1393.64
Helena,2016,5,Spring,4,225.45
Helena,2016,5,Spring,5,20.02
Helena,2016,6,Summer,1,591.05
Helena,2016,6,Summer,2,2495.87
Helena,2016,6,Summer,3,2141.38
Helena,2016,6,Summer,4,303.99
Helena,2016,6,Summer,5,26.6
Helena,2016,7,Summer,1,895.38
Helena,2016,7,Summer,2,3554.26
Helena,2016,7,Summer,3,2925.94
Helena,2016,7,Summer,4,463.04
Helena,2016,7,Summer,5,25.88
Helena,2016,8,Summer,1,804.84
Helena,2016,8,Summer,2,3170.57
Helena,2016,8,Summer,3,2692.54
Helena,2016,8,Summer,4,415.27
Helena,2016,8,Summer,5,0.0
Helena,2016,9,Fall,1,418.21999999999997
Helena,2016,9,Fall,2,1979.76
Helena,2016,9,Fall,3,1955.6100000000001
Helena,2016,9,Fall,4,317.72
Helena,2016,10,Fall,1,202.51000000000002
Helena,2016,10,Fall,2,880.27
Helena,2016,10,Fall,3,1131.43
Helena,2016,10,Fall,4,93.15
Helena,2016,10,Fall,5,0.0
Miami,2012,11,Fall,1,70.08
Miami,2012,11,Fall,2,466.07
Miami,2012,11,Fall,3,433.24
Miami,2012,11,Fall,4,210.38
Miami,2012,11,Fall,5,9.09
Miami,2012,12,Winter,1,67.41
Miami,2012,12,Winter,2,464.13
Miami,2012,12,Winter,3,451.0
Miami,2012,12,Winter,4,230.17
Miami,2012,12,Winter,5,11.95
Miami,2013,1,Winter,1,54.59
Miami,2013,1,Winter,2,430.32
Miami,2013,1,Winter,3,422.39
Miami,2013,1,Winter,4,256.29
Miami,2013,1,Winter,5,15.22
Miami,2013,2,Winter,1,32.47
Miami,2013,2,Winter,2,292.94
Miami,2013,2,Winter,3,259.7
Miami,2013,2,Winter,4,163.51
Miami,2013,2,Winter,5,6.75
Miami,2013,3,Spring,1,52.59
Miami,2013,3,Spring,2,392.75
Miami,2013,3,Spring,3,425.68
Miami,2013,3,Spring,4,246.19
Miami,2013,3,Spring,5,10.440000000000001
Miami,2013,4,Spring,1,158.47
Miami,2013,4,Spring,2,388.85
Miami,2013,4,Spring,3,514.75
Miami,2013,4,Spring,4,365.64
Miami,2013,4,Spring,5,26.580000000000002
Miami,2013,5,Spring,1,191.29
Miami,2013,5,Spring,2,708.11
Miami,2013,5,Spring,3,952.25
Miami,2013,5,Spring,4,559.21
Miami,2013,5,Spring,5,38.7
Miami,2013,6,Summer,1,236.45
Miami,2013,6,Summer,2,984.21
Miami,2013,6,Summer,3,1350.81
Miami,2013,6,Summer,4,754.1800000000001
Miami,2013,6,Summer,5,50.19
Miami,2013,7,Summer,1,320.19
Miami,2013,7,Summer,2,1164.48
Miami,2013,7,Summer,3,1794.51
Miami,2013,7,Summer,4,952.47
Miami,2013,7,Summer,5,76.58
Miami,2013,8,Summer,1,291.87
Miami,2013,8,Summer,2,1086.35
Miami,2013,8,Summer,3,1692.2
Miami,2013,8,Summer,4,818.46
Miami,2013,8,Summer,5,70.22
Miami,2013,9,Fall,1,191.11
Miami,2013,9,Fall,2,746.89
Miami,2013,9,Fall,3,1136.19
Miami,2013,9,Fall,4,517.54
Miami,2013,9,Fall,5,48.11
Miami,2013,10,Fall,1,278.79
Miami,2013,10,Fall,2,1034.22
Miami,2013,10,Fall,3,1059.71
Miami,2013,10,Fall,4,341.79
Miami,2013,10,Fall,5,13.14
Miami,2013,11,Fall,1,85.96
Miami,2013,11,Fall,2,455.99
Miami,2013,11,Fall,3,599.5600000000001
Miami,2013,11,Fall,4,335.11
Miami,2013,11,Fall,5,40.87
Miami,2013,12,Winter,1,47.43
Miami,2013,12,Winter,2,341.19
Miami,2013,12,Winter,3,373.33
Miami,2013,12,Winter,4,264.34999999999997
Miami,2013,12,Winter,5,12.59
Miami,2014,1,Winter,1,49.22
Miami,2014,1,Winter,2,330.87
Miami,2014,1,Winter,3,372.5
Miami,2014,1,Winter,4,254.91
Miami,2014,1,Winter,5,13.07
Miami,2014,2,Winter,1,47.8
Miami,2014,2,Winter,2,229.09
Miami,2014,2,Winter,3,179.07
Miami,2014,2,Winter,4,123.78
Miami,2014,2,Winter,5,3.7600000000000002
Miami,2014,3,Spring,1,60.18
Miami,2014,3,Spring,2,278.25
Miami,2014,3,Spring,3,306.8
Miami,2014,3,Spring,4,151.33
Miami,2014,3,Spring,5,18.8
Miami,2014,4,Spring,1,60.31
Miami,2014,4,Spring,2,304.83
Miami,2014,4,Spring,3,397.26
Miami,2014,4,Spring,4,186.57
Miami,2014,4,Spring,5,23.81
Miami,2014,5,Spring,1,243.34
Miami,2014,5,Spring,2,1035.71
Miami,2014,5,Spring,3,1767.95
Miami,2014,5,Spring,4,816.96
Miami,2014,5,Spring,5,96.3
Miami,2014,6,Summer,1,441.71
Miami,2014,6,Summer,2,1798.52
Miami,2014,6,Summer,3,3297.11
Miami,2014,6,Summer,4,1521.87
Miami,2014,6,Summer,5,174.09
Miami,2014,7,Summer,1,330.58
Miami,2014,7,Summer,2,1423.86
Miami,2014,7,Summer,3,2463.38
Miami,2014,7,Summer,4,1131.01
Miami,2014,7,Summer,5,133.13
Miami,2014,8,Summer,1,298.97
Miami,2014,8,Summer,2,1279.32
Miami,2014,8,Summer,3,1898.25
Miami,2014,8,Summer,4,909.49
Miami,2014,8,Summer,5,62.3
Miami,2014,9,Fall,1,296.12
Miami,2014,9,Fall,2,1021.64
Miami,2014,9,Fall,3,1786.14
Miami,2014,9,Fall,4,821.28
Miami,2014,9,Fall,5,61.480000000000004
Miami,2014,10,Fall,1,292.18
Miami,2014,10,Fall,2,964.82
Miami,2014,10,Fall,3,1689.86
Miami,2014,10,Fall,4,760.18
Miami,2014,10,Fall,5,69.09
Miami,2014,11,Fall,1,369.84
Miami,2014,11,Fall,2,1221.69
Miami,2014,11,Fall,3,2064.81
Miami,2014,11,Fall,4,893.63
Miami,2014,11,Fall,5,109.17999999999999
Miami,2014,12,Winter,1,152.07
Miami,2014,12,Winter,2,665.22
Miami,2014,12,Winter,3,1061.72
Miami,2014,12,Winter,4,475.56
Miami,2014,12,Winter,5,63.989999999999995
Miami,2015,1,Winter,1,144.1
Miami,2015,1,Winter,2,586.82
Miami,2015,1,Winter,3,1003.15
Miami,2015,1,Winter,4,474.57
Miami,2015,1,Winter,5,66.0
Miami,2015,2,Winter,1,121.0
Miami,2015,2,Winter,2,537.76
Miami,2015,2,Winter,3,856.2
Miami,2015,2,Winter,4,419.11
Miami,2015,2,Winter,5,54.06
Miami,2015,3,Spring,1,169.22
Miami,2015,3,Spring,2,601.75
Miami,2015,3,Spring,3,1059.16
Miami,2015,3,Spring,4,542.36
Miami,2015,3,Spring,5,30.47
Miami,2015,4,Spring,1,176.79
Miami,2015,4,Spring,2,654.33
Miami,2015,4,Spring,3,1159.24
Miami,2015,4,Spring,4,525.19
Miami,2015,4,Spring,5,31.03
Miami,2015,5,Spring,1,228.18
Miami,2015,5,Spring,2,1114.38
Miami,2015,5,Spring,3,1802.28
Miami,2015,5,Spring,4,835.01
Miami,2015,5,Spring,5,66.04
Miami,2015,6,Summer,1,294.58
Miami,2015,6,Summer,2,1535.34
Miami,2015,6,Summer,3,2226.42
Miami,2015,6,Summer,4,1106.76
Miami,2015,6,Summer,5,99.89
Miami,2015,7,Summer,1,360.04
Miami,2015,7,Summer,2,1762.03
Miami,2015,7,Summer,3,2600.85
Miami,2015,7,Summer,4,1352.43
Miami,2015,7,Summer,5,121.11
Miami,2015,8,Summer,1,338.71999999999997
Miami,2015,8,Summer,2,1682.01
Miami,2015,8,Summer,3,2518.52
Miami,2015,8,Summer,4,1324.02
Miami,2015,8,Summer,5,107.12
Miami,2015,9,Fall,1,258.84
Miami,2015,9,Fall,2,1081.52
Miami,2015,9,Fall,3,1931.93
Miami,2015,9,Fall,4,952.64
Miami,2015,9,Fall,5,81.28999999999999
Miami,2015,10,Fall,1,191.08
Miami,2015,10,Fall,2,949.41
Miami,2015,10,Fall,3,1511.37
Miami,2015,10,Fall,4,701.13
Miami,2015,10,Fall,5,61.8
Miami,2015,11,Fall,1,150.78
Miami,2015,11,Fall,2,702.99
Miami,2015,11,Fall,3,1032.24
Miami,2015,11,Fall,4,526.7
Miami,2015,11,Fall,5,44.7
Miami,2015,12,Winter,1,186.49
Miami,2015,12,Winter,2,716.1
Miami,2015,12,Winter,3,1139.11
Miami,2015,12,Winter,4,574.6
Miami,2015,12,Winter,5,51.75
Miami,2016,1,Winter,1,198.4
Miami,2016,1,Winter,2,775.67
Miami,2016,1,Winter,3,1118.33
Miami,2016,1,Winter,4,610.24
Miami,2016,1,Winter,5,62.8
Miami,2016,2,Winter,1,163.18
Miami,2016,2,Winter,2,562.01
Miami,2016,2,Winter,3,978.65
Miami,2016,2,Winter,4,526.59
Miami,2016,2,Winter,5,50.22
Miami,2016,3,Spring,1,171.74
Miami,2016,3,Spring,2,709.21
Miami,2016,3,Spring,3,1295.26
Miami,2016,3,Spring,4,594.21
Miami,2016,3,Spring,5,44.21
Miami,2016,4,Spring,1,142.26
Miami,2016,4,Spring,2,628.77
Miami,2016,4,Spring,3,1211.44
Miami,2016,4,Spring,4,523.13
Miami,2016,4,Spring,5,30.45
Miami,2016,5,Spring,1,166.86
Miami,2016,5,Spring,2,858.53
Miami,2016,5,Spring,3,1470.65
Miami,2016,5,Spring,4,718.6899999999999
Miami,2016,5,Spring,5,39.32
Miami,2016,6,Summer,1,240.99
Miami,2016,6,Summer,2,1190.31
Miami,2016,6,Summer,3,1920.61
Miami,2016,6,Summer,4,1017.91
Miami,2016,6,Summer,5,70.06
Miami,2016,7,Summer,1,316.2
Miami,2016,7,Summer,2,1380.28
Miami,2016,7,Summer,3,2269.04
Miami,2016,7,Summer,4,1232.69
Miami,2016,7,Summer,5,110.88000000000001
Miami,2016,8,Summer,1,510.56
Miami,2016,8,Summer,2,2141.31
Miami,2016,8,Summer,3,3357.08
Miami,2016,8,Summer,4,1744.55
Miami,2016,8,Summer,5,203.09
Miami,2016,9,Fall,1,296.64
Miami,2016,9,Fall,2,1248.1299999999999
Miami,2016,9,Fall,3,2180.58
Miami,2016,9,Fall,4,1119.01
Miami,2016,9,Fall,5,140.74
Miami,2016,10,Fall,1,162.9
Miami,2016,10,Fall,2,656.18
Miami,2016,10,Fall,3,1277.14
Miami,2016,10,Fall,4,646.61
Miami,2016,10,Fall,5,93.47999999999999
Wilton,2012,11,Fall,1,52.97
Wilton,2012,11,Fall,2,389.5
Wilton,2012,11,Fall,3,210.14
Wilton,2012,11,Fall,4,110.41
Wilton,2012,11,Fall,5,19.81
Wilton,2012,12,Winter,1,52.11
Wilton,2012,12,Winter,2,433.4
Wilton,2012,12,Winter,3,244.29
Wilton,2012,12,Winter,4,118.61
Wilton,2012,12,Winter,5,9.16
Wilton,2013,1,Winter,1,46.11
Wilton,2013,1,Winter,2,378.13
Wilton,2013,1,Winter,3,231.96
Wilton,2013,1,Winter,4,102.8
Wilton,2013,1,Winter,5,12.58
Wilton,2013,2,Winter,1,25.189999999999998
Wilton,2013,2,Winter,2,225.47
Wilton,2013,2,Winter,3,156.51
Wilton,2013,2,Winter,4,56.809999999999995
Wilton,2013,2,Winter,5,4.86
Wilton,2013,3,Spring,1,113.86
Wilton,2013,3,Spring,2,796.81
Wilton,2013,3,Spring,3,529.49
Wilton,2013,3,Spring,4,199.79
Wilton,2013,3,Spring,5,32.23
Wilton,2013,4,Spring,1,118.05
Wilton,2013,4,Spring,2,685.35
Wilton,2013,4,Spring,3,346.15
Wilton,2013,4,Spring,4,128.42
Wilton,2013,4,Spring,5,5.64
Wilton,2013,5,Spring,1,86.87
Wilton,2013,5,Spring,2,858.84
Wilton,2013,5,Spring,3,577.68
Wilton,2013,5,Spring,4,301.28
Wilton,2013,5,Spring,5,36.36
Wilton,2013,6,Summer,1,140.88
Wilton,2013,6,Summer,2,615.42
Wilton,2013,6,Summer,3,380.12
Wilton,2013,6,Summer,4,277.09
Wilton,2013,6,Summer,5,55.06
Wilton,2013,7,Summer,1,452.28000000000003
Wilton,2013,7,Summer,2,2823.3
Wilton,2013,7,Summer,3,1581.4
Wilton,2013,7,Summer,4,600.05
Wilton,2013,7,Summer,5,83.82
Wilton,2013,8,Summer,1,256.88
Wilton,2013,8,Summer,2,1574.96
Wilton,2013,8,Summer,3,975.32
Wilton,2013,8,Summer,4,358.48
Wilton,2013,8,Summer,5,54.980000000000004
Wilton,2013,9,Fall,1,149.83
Wilton,2013,9,Fall,2,984.34
Wilton,2013,9,Fall,3,615.08
Wilton,2013,9,Fall,4,237.44
Wilton,2013,9,Fall,5,44.339999999999996
Wilton,2013,10,Fall,1,83.51
Wilton,2013,10,Fall,2,580.15
Wilton,2013,10,Fall,3,345.05
Wilton,2013,10,Fall,4,124.79
Wilton,2013,10,Fall,5,38.26
Wilton,2013,11,Fall,1,57.6
Wilton,2013,11,Fall,2,458.65
Wilton,2013,11,Fall,3,259.76
Wilton,2013,11,Fall,4,139.39000000000001
Wilton,2013,11,Fall,5,34.870000000000005
Wilton,2013,12,Winter,1,31.73
Wilton,2013,12,Winter,2,402.19
Wilton,2013,12,Winter,3,188.99
Wilton,2013,12,Winter,4,76.57000000000001
Wilton,2013,12,Winter,5,43.07
Wilton,2014,1,Winter,1,31.97
Wilton,2014,1,Winter,2,367.48
Wilton,2014,1,Winter,3,187.92
Wilton,2014,1,Winter,4,93.21
Wilton,2014,1,Winter,5,43.07
Wilton,2014,2,Winter,1,18.95
Wilton,2014,2,Winter,2,251.79
Wilton,2014,2,Winter,3,133.85
Wilton,2014,2,Winter,4,62.57
Wilton,2014,2,Winter,5,30.009999999999998
Wilton,2014,3,Spring,1,30.35
Wilton,2014,3,Spring,2,382.21999999999997
Wilton,2014,3,Spring,3,188.41
Wilton,2014,3,Spring,4,85.67
Wilton,2014,3,Spring,5,23.9
Wilton,2014,4,Spring,1,41.71
Wilton,2014,4,Spring,2,427.21
Wilton,2014,4,Spring,3,255.75
Wilton,2014,4,Spring,4,114.73
Wilton,2014,4,Spring,5,30.28
Wilton,2014,5,Spring,1,284.27
Wilton,2014,5,Spring,2,1929.43
Wilton,2014,5,Spring,3,1050.4
Wilton,2014,5,Spring,4,455.52
Wilton,2014,5,Spring,5,108.32
Wilton,2014,6,Summer,1,264.02
Wilton,2014,6,Summer,2,1894.17
Wilton,2014,6,Summer,3,1046.51
Wilton,2014,6,Summer,4,466.95
Wilton,2014,6,Summer,5,129.76
Wilton,2014,7,Summer,1,340.04
Wilton,2014,7,Summer,2,2273.92
Wilton,2014,7,Summer,3,1210.05
Wilton,2014,7,Summer,4,508.15999999999997
Wilton,2014,7,Summer,5,122.99000000000001
Wilton,2014,8,Summer,1,276.65
Wilton,2014,8,Summer,2,1894.13
Wilton,2014,8,Summer,3,1042.67
Wilton,2014,8,Summer,4,485.17
Wilton,2014,8,Summer,5,133.52
Wilton,2014,9,Fall,1,303.34999999999997
Wilton,2014,9,Fall,2,1805.87
Wilton,2014,9,Fall,3,954.18
Wilton,2014,9,Fall,4,362.52
Wilton,2014,9,Fall,5,78.06
Wilton,2014,10,Fall,1,252.51
Wilton,2014,10,Fall,2,1442.3700000000001
Wilton,2014,10,Fall,3,777.51
Wilton,2014,10,Fall,4,274.86
Wilton,2014,10,Fall,5,53.88
Wilton,2014,11,Fall,1,126.86
Wilton,2014,11,Fall,2,872.4300000000001
Wilton,2014,11,Fall,3,462.66
Wilton,2014,11,Fall,4,191.61
Wilton,2014,11,Fall,5,41.84
Wilton,2014,12,Winter,1,132.47
Wilton,2014,12,Winter,2,957.69
Wilton,2014,12,Winter,3,492.03
Wilton,2014,12,Winter,4,194.85
Wilton,2014,12,Winter,5,32.9
Wilton,2015,1,Winter,1,173.37
Wilton,2015,1,Winter,2,1144.09
Wilton,2015,1,Winter,3,618.29
Wilton,2015,1,Winter,4,258.01
Wilton,2015,1,Winter,5,25.259999999999998
Wilton,2015,2,Winter,1,102.27
Wilton,2015,2,Winter,2,706.45
Wilton,2015,2,Winter,3,371.88
Wilton,2015,2,Winter,4,205.06
Wilton,2015,2,Winter,5,28.7
Wilton,2015,3,Spring,1,145.73
Wilton,2015,3,Spring,2,898.58
Wilton,2015,3,Spring,3,496.1
Wilton,2015,3,Spring,4,208.51
Wilton,2015,3,Spring,5,33.23
Wilton,2015,4,Spring,1,153.42000000000002
Wilton,2015,4,Spring,2,939.23
Wilton,2015,4,Spring,3,573.36
Wilton,2015,4,Spring,4,270.36
Wilton,2015,4,Spring,5,33.339999999999996
Wilton,2015,5,Spring,1,211.32
Wilton,2015,5,Spring,2,1390.72
Wilton,2015,5,Spring,3,848.16
Wilton,2015,5,Spring,4,408.94
Wilton,2015,5,Spring,5,62.190000000000005
Wilton,2015,6,Summer,1,284.65000000000003
Wilton,2015,6,Summer,2,1963.98
Wilton,2015,6,Summer,3,1137.1
Wilton,2015,6,Summer,4,513.32
Wilton,2015,6,Summer,5,81.18
Wilton,2015,7,Summer,1,353.16
Wilton,2015,7,Summer,2,2327.9
Wilton,2015,7,Summer,3,1310.36
Wilton,2015,7,Summer,4,583.81
Wilton,2015,7,Summer,5,66.45
Wilton,2015,8,Summer,1,334.59
Wilton,2015,8,Summer,2,2138.55
Wilton,2015,8,Summer,3,1260.0
Wilton,2015,8,Summer,4,598.67
Wilton,2015,8,Summer,5,63.0
Wilton,2015,9,Fall,1,273.37
Wilton,2015,9,Fall,2,1737.14
Wilton,2015,9,Fall,3,972.21
Wilton,2015,9,Fall,4,415.43
Wilton,2015,9,Fall,5,31.68
Wilton,2015,10,Fall,1,215.78
Wilton,2015,10,Fall,2,1330.13
Wilton,2015,10,Fall,3,724.89
Wilton,2015,10,Fall,4,301.74
Wilton,2015,10,Fall,5,24.34
Wilton,2015,11,Fall,1,171.0
Wilton,2015,11,Fall,2,1075.63
Wilton,2015,11,Fall,3,597.41
Wilton,2015,11,Fall,4,228.64000000000001
Wilton,2015,11,Fall,5,48.19
Wilton,2015,12,Winter,1,164.94
Wilton,2015,12,Winter,2,1054.92
Wilton,2015,12,Winter,3,591.53
Wilton,2015,12,Winter,4,246.96
Wilton,2015,12,Winter,5,53.57
Wilton,2016,1,Winter,1,156.87
Wilton,2016,1,Winter,2,1080.44
Wilton,2016,1,Winter,3,588.63
Wilton,2016,1,Winter,4,258.52
Wilton,2016,1,Winter,5,47.980000000000004
Wilton,2016,2,Winter,1,136.57
Wilton,2016,2,Winter,2,886.85
Wilton,2016,2,Winter,3,463.07
Wilton,2016,2,Winter,4,219.35
Wilton,2016,2,Winter,5,37.0
Wilton,2016,3,Spring,1,167.34
Wilton,2016,3,Spring,2,1126.15
Wilton,2016,3,Spring,3,599.16
Wilton,2016,3,Spring,4,255.35
Wilton,2016,3,Spring,5,33.91
Wilton,2016,4,Spring,1,155.13
Wilton,2016,4,Spring,2,1149.26
Wilton,2016,4,Spring,3,650.1
Wilton,2016,4,Spring,4,263.44
Wilton,2016,4,Spring,5,39.230000000000004
Wilton,2016,5,Spring,1,175.05
Wilton,2016,5,Spring,2,1453.4
Wilton,2016,5,Spring,3,828.83
Wilton,2016,5,Spring,4,367.43
Wilton,2016,5,Spring,5,59.99
Wilton,2016,6,Summer,1,256.97
Wilton,2016,6,Summer,2,1889.83
Wilton,2016,6,Summer,3,1042.33
Wilton,2016,6,Summer,4,484.67
Wilton,2016,6,Summer,5,94.78
Wilton,2016,7,Summer,1,348.78
Wilton,2016,7,Summer,2,2398.85
Wilton,2016,7,Summer,3,1267.97
Wilton,2016,7,Summer,4,596.62
Wilton,2016,7,Summer,5,100.79
Wilton,2016,8,Summer,1,541.08
Wilton,2016,8,Summer,2,3308.25
Wilton,2016,8,Summer,3,1721.25
Wilton,2016,8,Summer,4,742.66
Wilton,2016,8,Summer,5,115.5
Wilton,2016,9,Fall,1,436.09
Wilton,2016,9,Fall,2,2598.14
Wilton,2016,9,Fall,3,1327.68
Wilton,2016,9,Fall,4,527.77
Wilton,2016,9,Fall,5,74.77
Wilton,2016,10,Fall,1,208.61
Wilton,2016,10,Fall,2,1243.53
Wilton,2016,10,Fall,3,668.23
Wilton,2016,10,Fall,4,263.55
Wilton,2016,10,Fall,5,26.84
